approval_dt|form_id|purchase_dt|dealer_code|make|model|vin|emp_first_name|emp_middle_initial|emp_last_name|emp_address|emp_city|emp_state|emp_zip|emp_email|emp_phone|pur_first_name|pur_middle_initial|pur_last_name|pur_address|pur_city|pur_state|pur_zip|pur_email|pur_phone|preferred_dealer_code|preferred_make|preferred_model|preferred_model_year
20220420|D3324381|20211230|5096|N|Sentra|3N1AB8CV3NY207325|ASHTON||PUCKETT|302 NW WATERCREST DR|ANKENY|IA|50023|BLUEJAYASH@GMAIL.COM|5157457723|ASHTON||PUCKETT|302 NW WATERCREST DR|ANKENY|IA|50023|BLUEJAYASH@GMAIL.COM|5157457723||N||
20220420|D3324832|20220121|5855|N|Altima|1N4BL4DW3NN304798|KATHLEEN||GROVE|1204 LOCHWOOD DRIVE|LEBANON|PA|17046|KGARRITY87@AOL.COM|5704179596|KATHLEEN||GROVE|1204 LOCHWOOD DRIVE|LEBANON|PA|17046|KGARRITY87@AOL.COM|5704179596||N||
20220420|D3325929|20220126|5056|N|KICKS|3N1CP5DV4ML561745|ONOCHIE||KAOSISOCHUKW|913 N MAIN ST|ROCKFORD|IL|61103|KOSY.ONOCHIE@GMAIL.COM|5085214262|ONOCHIE||KAOSISOCHUKW|913 N MAIN ST|ROCKFORD|IL|61103|KOSY.ONOCHIE@GMAIL.COM|5085214262||N||
20220420|C3325921|20220414|5136|N|Rogue|5N1BT3BA4NC700368|Michael||Martin|1120 Westlawn Blvd|Murfreesboro|TN|37128|Michael.Martin2@nissan-usa.com|6158874723|Muthuramalingam||Rajendran|12205 Crowne Brook Circle|Franklin|TN|37067|rmrlingam11@gmail.com|4807097945|5212|N|Rogue|2022
20220420|E3326347|20220307|5760|N|KICKS|3N1CP5CV7NL491404|DONNA||MCKEIVER|65 TRACE DR|STOCKBRIDGE|GA|30281|ABRYANT@NISSANOFLITHIASPRINGS.COM|7702945748|DONNA||MCKEIVER|65 TRACE DR|STOCKBRIDGE|GA|30281|ABRYANT@NISSANOFLITHIASPRINGS.COM|7702945748||||
20220420|A3326326|20220224|40006|N|Altima|1N4BL4DV4NN327143|DAVID||ZACHARY|1807 NW ASH DR|Ankeny|IA|50023|David.Zachary@nissan-usa.com|3314313397|DAVID||NEWMAN|8124 NW BEAVER DR|JOHNSON|IA|50131|DAVE@TMGMANAGEMENT.COM|5152051009||||
20220420|A3327300|20220123|2361|N|Rogue Sport|JN1BJ1AV7MW572873|jeff||speer|9079 Alexandra Circle|Wellington|FL|33414|Jeff.Speer@infiniti.com|6157853885|Barbara||Guardino|1143 NW 84TH AVE|PLANTATION|FL|33322|BarbaraGuardino@gmail.com|9547527827||||
20220420|E3328427|20220326|5138|N|Rogue|JN8BT3DD3NW272629|SHARESE||BRAXTON|10 MILLBROOK CT|EASTON|PA|18045|SBRAXTON@KELLYCAR.COM|9084222219|COLLEEN||POMPEY|10 MILLBROOK CT|EASTON|PA|18045|COLLEENPOMPEY30@GMAIL.COM|7324857427||||
20220420|E3328428|20220326|5138|N|Murano|5N1AZ2AS1NC120025|shelby||noyes|157 north broad st|nazareth|PA|18064|snoyes1991@gmail.com|6108107278|sue||noyes|157 north broad st|nazareth|PA|18064|snoyes35@rcn.com|4845475362||||
20220421|E3329339|20220331|5350|N|Rogue|JN8BT3DC9NW119275|everardo||villarreal|30906 FM 510|SAN BENITO|TX|78586|EDDIE080708@GMAIL.COM|9564541575|everardo||villarreal|30906 FM 510|SAN BENITO|TX|78586|EDDIE080708@GMAIL.COM|9564541575||||
20220420|E3330015|20220316|2361|N|Altima|1N4BL4CV5NN348620|ERIC||SCHWEITZER|4416 MORGAN LANE|FORT LAUDERDALE|FL|33328|ERICSCHWEITZER3@GMAIL.COM|9543368258|ERIC||SCHWEITZER|4416 MORGAN LANE|FORT LAUDERDALE|FL|33328|ERICSCHWEITZER3@GMAIL.COM|9543368258||||
20220421|C3330391|20220419|40019|N|Rogue|5N1BT3CB1NC696724|Avelino||Ceasar|909 Strand Fleet Dr|Antioch|TN|37013|aceasar2017@yahoo.com|6153619849|Mathew||Jengwa|1017 clifrom street|Cider rapid|IA|52402|mjengwa@aol.com|3195732630||||
20220420|A3330410|20220412|70554|I|Q60 COUPE|JN1EV7KK9NM600095|Eric||Yeater|13820 Woodbridge Terrace|Bradenton|FL|34211|eric.yeater@nissan-usa.com|6154969687|Melanie||Pereira|1319 Red Pony Ranch Dr|Deland|FL|32724|melani.kenny0307@yahoo.com|3867488274||||
20220421|D3330525|20220413|3948|N|Rogue|5N1BT3BB7NC699080|MICHELLE||DTSRKEY|323 VIRGINA AVE|PITTSBURGH|PA|15211|michellesstarkey@gmail.com|9194267067|MICHELLE||DTSRKEY|323 VIRGINA AVE|PITTSBURGH|PA|15211|michellesstarkey@gmail.com|9194267067||N||
20220421|E3330588|20220414|896|N|KICKS|3N1CP5CV1NL500775|sandra||evans|2213 west 9th ave|emporia|KS|66801|evanssle@hotmail.com|6207946763|sandra||evans|2213 west 9th ave|emporia|KS|66801|evanssle@hotmail.com|6207946763||||
20220420|A3330674|20220415|3131|N|Altima|1N4BL4CV2NN354861|Todd||Coomer|1000 Fawn Dr.|Cookeville|TN|38501|dadofmacy@hotmail.com|6154802739|Todd||Coomer|1000 Fawn Dr.|Cookeville|TN|38501|dadofmacy@hotmail.com|6154802739||||
20220420|E3330729|20220415|3779|N|Murano|5N1AZ2CS1NC113086|MICHAEL||DICHIRO|19925 SHENANDOAH RDG|STRONGSVILLE|OH|44149|MICHAELD@BIGNISSAN.COM|4407346900|MICHAEL||DICHIRO|19925 SHENANDOAH RDG|STRONGSVILLE|OH|44149|MICHAELD@BIGNISSAN.COM|4407346900||||
20220420|C3330730|20220415|5411|N|Murano|5N1AZ2AJ2NC117190|Roger||Brown|203 Blue Creek Landing|Tullahoma|TN|37388|rogerbrown1963@gmail.com|9316079916|Linda||Powers|64 River Ct|Manchester|TN|37355|lp37355@gmail.com|9312477309||||
20220421|E3330656|20220414|73084|I|Q50|JN1FV7DR5NM390478|JHAREN||KNOBLOCK|8695 E Prairie Meadow Dr|Denver|CO|80238|jharenknoblock@gmail.com|7204199472|JHAREN||KNOBLOCK|8695 E Prairie Meadow Dr|Denver|CO|80238|jharenknoblock@gmail.com|7204199472||||
20220421|D3330745|20220415|5145|N|Sentra|3N1AB8CV0NY238936|john||giorlando|205 North Davis dr unit 332|Charleston|SC|29404|johngiorlando@hotmail.com|9789621712|john||giorlando|205 North Davis dr unit 332|Charleston|SC|29404|johngiorlando@hotmail.com|9789621712||N||
20220421|E3330734|20220415|2081|N|Rogue Sport|JN1BJ1BWXNW681420|John||Decaro|154 W Rainbow St|Duluth|MN|55811|jdecaro@krenzen.com|2187260752|John||Decaro|154 W Rainbow St|Duluth|MN|55811|jdecaro@krenzen.com|2187260752||||
20220421|E3330762|20220415|5590|N|Altima|1N4BL4CV3NN360118|ROBERT||SPOON|12201 SYCAMORE ST|FORT SMITH|AR|72916|spoon3469@yahoo.com|4798994625|KATHERYNE||SPOON|12201 SYCAMORE ST|FORT SMITH|AR|72916|K.PAIGESPOON@GMAIL.COM|4797901881|5590|N|Altima|2022
20220421|D3330808|20220416|3948|N|Rogue|5N1BT3BB1NC694876|HANNAH||POLITO|309 S HIGHLANDER HTS DR|GLENSHAW|PA|15116|h.polito@gmail.com|4125080288|HANNAH||POLITO|309 S HIGHLANDER HTS DR|GLENSHAW|PA|15116|h.polito@gmail.com|4125080288||N||
20220420|A3330843|20220416|5594|N|Sentra|3N1AB8CV2NY245855|Demecoas||Andrews|1587 Thompson Staion Rd W|Thompsons Station|TN|37179|de2andrews@yahoo.com|6157751229|Alisa||Brown|2934 Churchill Ln|Thompsons Station|TN|37179|albrown4@yahoo.com|6155968885||||
20220420|D3331005|20220419|3969|N|LEAF|1N4AZ1CV5NC562964|HERMANN||BARRON|1514 Westwood|ABILENE|TX|79603|hjandjmb@yahoo.com|3256770055|HERMANN||BARRON|1514 Westwood|ABILENE|TX|79603|hjandjmb@yahoo.com|3256770055||N||
20220421|D3331018|20220415|2740|N|Altima|1N4BL4CV0NN361100|WESLEY||MCCOOL|3598 OLD OAKS DR|BEAVERCREEK|OH|45431|WESUHLEE@LIVE.COM|3616483635|WESLEY||MCCOOL|3598 OLD OAKS DR|BEAVERCREEK|OH|45431|WESUHLEE@LIVE.COM|3616483635||N||
20220421|D3331019|20220415|3497|N|Rogue Sport|JN1BJ1BW5NW470870|MARCUS||DORSEY|2337 FAIRVIEW TERRACE|ALEXANDRIA|VA|22303|A.CONLEYUNC13@GMAIL.COM|8082682386|MARCUS||DORSEY|2337 FAIRVIEW TERRACE|ALEXANDRIA|VA|22303|A.CONLEYUNC13@GMAIL.COM|8082682386||N||
20220421|D3331021|20220418|3497|N|Sentra|3N1AB8DVXNY251112|TAEJION||PUTNEY|6809 LANTANA DR|BRYANS ROAD|MD|20616|T.WILA.F@HOTMAIL.COM|7035820935|TAEJION||PUTNEY|6809 LANTANA DR|BRYANS ROAD|MD|20616|T.WILA.F@HOTMAIL.COM|7035820935||N||
20220421|D3331024|20220419|5044|N|Altima|1N4BL4CV2NN341687|STEPHEN||HEALEY|2468 BRASILENO|VIRGINIA BEACH|VA|23456|Guam626@yahoo.com|5086549135|STEPHEN||HEALEY|2468 BRASILENO|VIRGINIA BEACH|VA|23456|Guam626@yahoo.com|5086549135||N||
20220421|E3331029|20220322|5484|N|Altima|1N4BL4CV9NN337667|Janie||Lloyd|4111 Vista Verde Dr Apt 6|NEW PORT RICHEY|FL|34655|JLAMBERT@MAUSFAMILYAUTO.COM|8135286945|Janie||Lloyd|4111 Vista Verde Dr Apt 6|NEW PORT RICHEY|FL|34655|JLAMBERT@MAUSFAMILYAUTO.COM|8135286945||||
20220421|D3331030|20220327|5572|N|Rogue|JN8AT3CA2MW028682|LOWELL||COFFIN|11629 W RIVERHAVEN DR|HOMOSASSA|FL|34448|LCOFFIN444@YAHOO.COM|8285507890|LOWELL||COFFIN|11629 W RIVERHAVEN DR|HOMOSASSA|FL|34448|LCOFFIN444@YAHOO.COM|8285507890||N||
20220421|D3331042|20220418|2036|N|Rogue|5N1BT3CAXNC692792|KARLA||ALBANO|1831 PROSPECT ST|NATIONAL CITY|CA|91950|ALBANO.KARLA@YAHOO.COM|6196940302|KARLA||ALBANO|1831 PROSPECT ST|NATIONAL CITY|CA|91950|ALBANO.KARLA@YAHOO.COM|6196940302||N||
20220420|D3331052|20220419|3814|N|KICKS|3N1CP5BVXNL480740|ANTHONY||MARTIN|204 DIAMOND COURT|JACKSONVILLE|NC|28546|TRUEPIGMOTORSPORTS@GMAIL.COM|7073279018|ANTHONY||MARTIN|204 DIAMOND COURT|JACKSONVILLE|NC|28546|TRUEPIGMOTORSPORTS@GMAIL.COM|7073279018||N||
20220420|E3330904|20220331|3837|N|LEAF|1N4BZ1DV3NC561038|EFRAIN||PORTILLO|12226 HUNTINGTON VENTURE DR|HOUSTON|TX|77099|EFRA_920@YAHOO.COM|8322315764|EFRAIN||PORTILLO|12226 HUNTINGTON VENTURE DR|HOUSTON|TX|77099|EFRA_920@YAHOO.COM|8322315764||||
20220421|E3330922|20220418|5844|N|Rogue|JN8BT3DCXNW117955|Justin||Cunningham|19355 Fairfax Dr|Fairhope|AL|36532|cunninghamj@sandysansing.com|8507367701|Justin||Cunningham|19355 Fairfax Dr|Fairhope|AL|36532|cunninghamj@sandysansing.com|8507367701|5844|N|Rogue|2022
20220421|D3330934|20220418|5729|N|Versa|3N1CN8DV2NL826025|Michael||Vela|56 maas dr|fort braff|NC|28307|michael.vela1994@gmail.com|7075803963|Michael||Vela|56 maas dr|fort braff|NC|28307|michael.vela1994@gmail.com|7075803963||N||
20220421|D3331006|20220323|5575|N|Sentra|3N1AB8CV2NY250859|MICHAEL||DAVIS|365 HILL VALLEY DR|JULIAN|WV|25529|MWDAVIS@MAIL.KANA.K12.WV.US|3046298055|MICHAEL||DAVIS|365 HILL VALLEY DR|JULIAN|WV|25529|MWDAVIS@MAIL.KANA.K12.WV.US|3046298055||N||
20220421|D3331010|20220419|2979|N|Sentra|3N1AB8DV7NY252198|SHAINA||SMITH|23 S HIGH ST|SMYRNA|DE|19977|shaina8229@outlook.com|3022222694|SHAINA||SMITH|23 S HIGH ST|SMYRNA|DE|19977|shaina8229@outlook.com|3022222694||N||
20220421|D3331032|20220418|3982|N|Sentra|3N1AB8CV9NY245545|AALIYAH||MCNEIL|702 QUARTERMASTER RD #1762|JBER|AK|99505|AALIYAH.MCNEIL.04@GMAIL.COM|9106761161|AALIYAH||MCNEIL|702 QUARTERMASTER RD #1762|JBER|AK|99505|AALIYAH.MCNEIL.04@GMAIL.COM|9106761161||N||
20220421|D3331035|20220418|5692|N|Rogue Sport|JN1BJ1CV1NW341692|claude||cropper|5428 royal tern ct|chesapeake|VA|23321|CLAUD320@AOL.COM|7574041447|claude||cropper|5428 royal tern ct|chesapeake|VA|23321|CLAUD320@AOL.COM|7574041447||N||
20220421|D3331038|20220419|5387|N|Rogue|JN8BT3DD3NW272503|anthony||shelton|2104 ortega st|navarre|FL|32566|ASJEFF91@HOTMAIL.COM|2103233379|anthony||shelton|2104 ortega st|navarre|FL|32566|ASJEFF91@HOTMAIL.COM|2103233379||N||
20220421|D3331039|20220418|3246|N|Rogue|5N1BT3BB6NC696302|ANASTASIA||HRICZ|4640 COLONIAL AVE|ERIE|PA|16506|anahricz@gmail.com|8143976690|ANASTASIA||HRICZ|4640 COLONIAL AVE|ERIE|PA|16506|anahricz@gmail.com|8143976690||N||
20220421|D3331046|20220411|5692|N|Rogue Sport|JN1BJ1AV7NW340663|sarah||roscoe|1025 city park ave|portsmouth|VA|23701|VANESSAUSMC@ICLOUD.COM|8042696687|sarah||roscoe|1025 city park ave|portsmouth|VA|23701|VANESSAUSMC@ICLOUD.COM|8042696687||N||
20220421|D3331051|20220419|5216|N|Altima|1N4BL4CV6NN357987|Jerinna||Asaeli|854 SAGEWOOD DR APT 15|Hinesville|GA|31313|ASAELI.JERINNA25@GMAIL.COM|2533717094|Jerinna||Asaeli|854 SAGEWOOD DR APT 15|Hinesville|GA|31313|ASAELI.JERINNA25@GMAIL.COM|2533717094||N||
20220421|D3331081|20220416|2214|N|Altima|1N4BL4DWXNN350998|CHRISTIE||LACOLLA`|238 SPEARS ROAD|W ISLIP|NY|11795|RAYMO12@OPTONLINE.NET|6315870019|CHRISTIE||LACOLLA`|238 SPEARS ROAD|W ISLIP|NY|11795|RAYMO12@OPTONLINE.NET|6315870019||N||
20220421|D3331084|20220410|2214|N|Altima|1N4BL4DW0NN355188|CONNOR W||GREEN|516 GRUNDY AVE|HOLBROOK|NY|11741|CONNORGREEN516@YAHOO.COM|6313162230|CONNOR W||GREEN|516 GRUNDY AVE|HOLBROOK|NY|11741|CONNORGREEN516@YAHOO.COM|6313162230||N||
20220420|D3324658|20210802|3516|N|Rogue|5N1AT3CB6MC792682|david||seybold|14489 e state farm rd|maxwell|NE|69151|dseybold@nppsd.org|3083504200|david||seybold|14489 e state farm rd|maxwell|NE|69151|dseybold@nppsd.org|3083504200||N||
20220420|D3325031|20220221|5885|N|Rogue|5N1BT3BB3NC671471|joshua||CAMPBELL|7791 CARROUSEL BLVD|westland|MI|48185|josh.jcampbell@yahoo.com|2486305074|joshua||CAMPBELL|7791 CARROUSEL BLVD|westland|MI|48185|josh.jcampbell@yahoo.com|2486305074||N||
20220420|D3325173|20211224|3388|N|Rogue|5N1AT3BB8MC837123|JOCELYN||CHAVEZ|10150 CITY WALK DR #302|WOODBURY|MN|55129|JOJOCHAVEZ200@GMAIL.COM|6517066834|JOCELYN||CHAVEZ|10150 CITY WALK DR #302|WOODBURY|MN|55129|JOJOCHAVEZ200@GMAIL.COM|6517066834||N||
20220420|D3327177|20220208|2193|N|KICKS|3N1CP5DV0NL477777|alenka||simic|7111 Maligate Place|Louisville|KY|40207|a.simic425@gmail.com|5025535528|alenka||simic|7111 Maligate Place|Louisville|KY|40207|a.simic425@gmail.com|5025535528||N||
20220420|D3327396|20220219|09080|N|Rogue Sport|JN1BJ1BW4MW673344|SAVERIO||GROSSO|45 GATES AVE|MALVERNE|NY|11565|JWASCO@ABELOFF.COM|9178851385|SAVERIO||GROSSO|45 GATES AVE|MALVERNE|NY|11565|JWASCO@ABELOFF.COM|9178851385||N||
20220421|C3327718|20220418|5570|N|Rogue|5N1BT3BB1NC698216|Kenneth||Rozar|10 Elora Cemetary Cir|Elora|TN|37328|Greg.rozar@nissan-usa.com|9319377299|Peggy||Ridgway|5540 Leisel Ct.|Commerce Township|MI|48382|Peggy.Ridgway@yahoo.com|2487874657||||
20220421|D3328495|20220326|2802|N|Altima|1N4BL4DV7NN350089|JORGE||LOPEZ|2818 OAT  HARVEST CT|HOUSTON|TX|77038|JLOPEZ99@GMAIL.COM|8324953383|JORGE||LOPEZ|2818 OAT  HARVEST CT|HOUSTON|TX|77038|JLOPEZ99@GMAIL.COM|8324953383||N||
20220420|E3328782|20211229|5815|N|Murano|5N1AZ2DJ4NC111239|LAZARO||DIAZ|7404 sw 122nd pl|miami|FL|33183|ldiaz@nissankendall.com|3054902417|LAZARO||DIAZ|7404 sw 122nd pl|miami|FL|33183|ldiaz@nissankendall.com|3054902417||||
20220421|A3329003|20220416|5579|N|Rogue|JN8BT3DC1NW119576|Sabrina||Testut|4710 Virginia Ave|Dallas|TX|75204|Sabrina.Testut@Nissan-Usa.com|2146769435|Sabrina||Testut|4710 Virginia Ave|Dallas|TX|75204|Sabrina.Testut@Nissan-Usa.com|2146769435||||
20220420|E3328993|20220324|5154|N|LEAF|1N4BZ1CV7NC560749|CARLOS||DE LEON|4809 DIAMOND ST|PALMDALE|CA|93552|carlosdeleon729@gmail.com|3238101438|CARLOS||DE LEON|4809 DIAMOND ST|PALMDALE|CA|93552|carlosdeleon729@gmail.com|3238101438||||
20220421|E3329773|20220402|2036|N|Rogue|JN8BT3DC8NW119591|Christina||Diaz|1534 jade ave|chula vista|CA|91911|CHRISTINAMEZADIAZ@YAHOO.COM|6198551917|Christina||Diaz|1534 jade ave|chula vista|CA|91911|CHRISTINAMEZADIAZ@YAHOO.COM|6198551917||||
20220420|E3329840|20220406|2232|N|Titan|1N6AA1ED6MN534760|REYNA||GUTIERREZ|10801 John Schlee Ct|EL PASO|TN|79935|REYNA_GUTIERREZ1@YAHOO.COM|9158737550|REYNA||GUTIERREZ|10801 John Schlee Ct|EL PASO|TN|79935|REYNA_GUTIERREZ1@YAHOO.COM|9158737550||||
20220420|E3330253|20220411|2987|N|Titan|1N6AA1ED7NN104978|AMEER||SHALLWANI|2800 BRAZOS BLVD|EULESS|TX|76039|SHALLWANIAL@AOL.COM|8172398750|AMEER||SHALLWANI|2800 BRAZOS BLVD|EULESS|TX|76039|SHALLWANIAL@AOL.COM|8172398750||||
20220421|D3330606|20220414|5729|N|KICKS|3N1CP5CV8NL489015|Jeremiah||Wood|32 Allegheny Dr|Spring Lake|NC|28390|Jeremiahwoods11@gmail.com|7064024907|Jeremiah||Wood|32 Allegheny Dr|Spring Lake|NC|28390|Jeremiahwoods11@gmail.com|7064024907||N||
20220420|D3330820|20220416|1841|N|Rogue Sport|JN1BJ1AV8NW341840|Cassidy||Gilbert|403 Bellehaven|Woodstock|GA|30188|crgilbert1999@gmail.com|4048890238|Cassidy||Gilbert|403 Bellehaven|Woodstock|GA|30188|crgilbert1999@gmail.com|4048890238||N||
20220421|A3330822|20220416|71488|I|QX80|JN8AZ2AE1N9291695|Erika||Williams|2520 Bonnie Lane|Lewisville|TX|75056|williae@nmac.com|4699518855|Roderick|L|Bledsoe|16755 W Lake Houston Pkwy #1712|Houston|TX|77044|Rbledsoe2016@gmail.com|7138702233||||
20220420|D3330893|20220409|2909|N|Altima|1N4BL4DV7NN362436|JERRY||STORK|168 BROKEN ARROW TRAIL|PETAL|MS|39465|leestork@yahoo.com|9048149084|JERRY||STORK|168 BROKEN ARROW TRAIL|PETAL|MS|39465|leestork@yahoo.com|9048149084||N||
20220421|E3330812|20220419|2214|N|Altima|1N4BL4DV1NN359712|ANA||LOPEZ|67 AVE C|HOLBROOK|NY|11741|CHACHA11788@GMAIL.COM|6316369449|INAARA||CASTRO|67 AVE C|HOLBROOK|NY|11741|INAARA.CASTRO20@GMAIL.COM|7189309743||||
20220420|D3330845|20220416|98003|N|KICKS|3N1CP5BV1NL499578|Hannah||Onek|68-052 Akule St. #C3|Waialua|HI|96791|hjohannahjoy@gmail.com|3217491877|Hannah||Onek|68-052 Akule St. #C3|Waialua|HI|96791|hjohannahjoy@gmail.com|3217491877||N||
20220421|D3331009|20220418|3755|N|Altima|1N4BL4DV5NN343979|JAMES||HAZELTON|441 SE WALTERS TER|PORT ST LUCIE|FL|34983|8HAZELNUTZ@GMAIL.COM|7728129039|JAMES||HAZELTON|441 SE WALTERS TER|PORT ST LUCIE|FL|34983|8HAZELNUTZ@GMAIL.COM|7728129039||N||
20220420|D3331013|20220418|3755|N|Altima|1N4BL4DV4NN304302|JAMES||HAZELTON|441 SE WALTERS TER|PORT ST LUCIE|FL|34983|8HAZELNUTZ@GMAIL.COM|7728129039|JAMES||HAZELTON|441 SE WALTERS TER|PORT ST LUCIE|FL|34983|8HAZELNUTZ@GMAIL.COM|7728129039||N||
20220421|D3331028|20220418|5554|N|Altima|1N4BL4DV8NN358525|AURELIO||GALVAN|119 N MONROE STREET|CABOT|AR|72023|CLUEFINDER32@YAHOO.COM|5012861726|AURELIO||GALVAN|119 N MONROE STREET|CABOT|AR|72023|CLUEFINDER32@YAHOO.COM|5012861726||N||
20220421|D3331034|20220407|5696|N|Rogue|JN8BT3DD8NW272299|KADE||COLLINS|22 LADD DR|CHAZY|NY|12921|KADE99CH@YAHOO.COM|5185782388|KADE||COLLINS|22 LADD DR|CHAZY|NY|12921|KADE99CH@YAHOO.COM|5185782388||N||
20220420|D3331040|20220306|5815|N|KICKS|3N1CP5DV8ML559934|ALBERT||MARTINEZ|3232 CORAL WAY APT 1404|MIAMI|FL|33145|ALBERTMARTINEZ747@YAHOO.COM|7864582180|ALBERT||MARTINEZ|3232 CORAL WAY APT 1404|MIAMI|FL|33145|ALBERTMARTINEZ747@YAHOO.COM|7864582180||N||
20220420|D3331044|20220418|5623|N|Titan|1N6AA1ED6NN100758|JOSUE||HERNANDEZ|14118 BLISSWOOD DR|HOUSTON|TX|77044|JOSUE1974@YAHOO.COM|7132496278|JOSUE||HERNANDEZ|14118 BLISSWOOD DR|HOUSTON|TX|77044|JOSUE1974@YAHOO.COM|7132496278||N||
20220421|D3331048|20220326|3038|N|Altima|1N4BL4CW2NN338202|kevon||mccants|12200 weathervane ln|upper marlboro|MD|20772|kevon8473@gmail.com|3013991889|kevon||mccants|12200 weathervane ln|upper marlboro|MD|20772|kevon8473@gmail.com|3013991889||N||
20220421|D3331053|20220401|5018|N|Altima|1N4BL4DV4NN347778|VANISA||LAINE|6584 PICATINNY LN #B|COLORADO SPRINGS|CO|80902|CVSTREET9189@GMAIL.COM|9548811444|VANISA||LAINE|6584 PICATINNY LN #B|COLORADO SPRINGS|CO|80902|CVSTREET9189@GMAIL.COM|9548811444||N||
20220421|D3331054|20220415|5579|N|Rogue|JN8BT3BA8NW040696|PETER||GOTOWKO|1003 E CRAVEN AVE|WACO|TX|76705|PGOTOWKO@HOT.RR.COM|2544951809|PETER||GOTOWKO|1003 E CRAVEN AVE|WACO|TX|76705|PGOTOWKO@HOT.RR.COM|2544951809||N||
20220421|D3331055|20220415|3893|N|Altima|1N4BL4CW0NN353443|marcio||francioli|5 edgar terr|somerville|MA|02145|mgfrancioli@hotmail.com|7817260490|marcio||francioli|5 edgar terr|somerville|MA|02145|mgfrancioli@hotmail.com|7817260490||N||
20220420|E3331091|20220419|3670|N|Altima|1N4BL4CW3NN356465|BM SHAFIUL||ISLAM|9328 197TH ST|HOLLIS|NY|11423|SHAFIULTEX@GMAIL.COM|9173450465|BM SHAFIUL||ISLAM|9328 197TH ST|HOLLIS|NY|11423|SHAFIULTEX@GMAIL.COM|9173450465||||
20220421|E3331093|20220419|3951|N|Altima|1N4BL4CV9NN349124|EILEEN||TAVERA|15223 LYNCH CT|ADELANTO|CA|92301|egalindo@valleyhi.com|7602657512|EILEEN||TAVERA|15223 LYNCH CT|ADELANTO|CA|92301|egalindo@valleyhi.com|7602657512||||
20220420|D3331104|20220416|2904|N|LEAF|1N4BZ1DV3NC558351|JORDAN||GOLDIE|321 422ND AVE|CROCKER|SD|57217|JGOLDIE30@GMAIL.COM|6058802278|JORDAN||GOLDIE|321 422ND AVE|CROCKER|SD|57217|JGOLDIE30@GMAIL.COM|6058802278||N||
20220420|E3331109|20220419|5724|N|Titan|1N6AA1ED5NN105918|SHANNON||BLACK|40557 HWY 59B|MACOMB|OK|74852|SDBLACK41@GMAIL.COM|4054035990|SHANNON||BLACK|40557 HWY 59B|MACOMB|OK|74852|SDBLACK41@GMAIL.COM|4054035990||||
20220420|D3330933|20220323|5543|N|KICKS|3N1CP5CV2NL494694|RODNEY||ALLEN|8294 DERRYFIELD DR|NOTTINGHAM|MD|21236|BARTYVON@AOL.COM|4438463025|RODNEY||ALLEN|8294 DERRYFIELD DR|NOTTINGHAM|MD|21236|BARTYVON@AOL.COM|4438463025||N||
20220421|E3330960|20220418|2214|N|Altima|1N4BL4DW0NN356793|MATTHEW||BROWN|218 ECHO AVE|PORT JEFFERSON|NY|11776|MATHEWBROWN112@GMAIL.COM|5164570782|MATTHEW||BROWN|218 ECHO AVE|PORT JEFFERSON|NY|11776|MATHEWBROWN112@GMAIL.COM|5164570782||||
20220421|D3330976|20220418|5121|N|Rogue|5N1BT3BA8NC693862|calvin||walds|520 clemson dr|warner robins|GA|31093|calvinwalds@aol.com|4789519625|calvin||walds|520 clemson dr|warner robins|GA|31093|calvinwalds@aol.com|4789519625||N||
20220420|A3330999|20220416|5561|N|Frontier|1N6ED1EKXNN668194|jodie||dolgner|13122 Wood Duck Drive|Plainfield|IL|60585|Jodie.Dolgner@Nissan-Usa.com|3312136815|michael||HAUSLEIN|325 CROMWELL CT|Westmont|IL|60559|MICHAELHAUSLEIN@ZEIGLER.COM|3122574509||||
20220421|D3331011|20220404|3485|N|Altima|1N4BL4CV6NN360758|Kyle||Roepken|160 S Village Dr|Centerville|OH|45459|kylereopken@gmail.com|9374799720|Kyle||Roepken|160 S Village Dr|Centerville|OH|45459|kylereopken@gmail.com|9374799720||N||
20220421|D3331015|20220415|5476|N|Rogue|5N1BT3BB1NC697180|MATTHEW||LAWRENCE|3941 B EAGLESON ST|JOINT BASE MDL|NJ|08641|LAWBRUCIE@GMAIL.COM|7572567802|MATTHEW||LAWRENCE|3941 B EAGLESON ST|JOINT BASE MDL|NJ|08641|LAWBRUCIE@GMAIL.COM|7572567802||N||
20220421|D3331017|20220405|5881|N|Sentra|3N1AB8CV3NY249378|manish||mishra|111 pasadena pkwy|worcester|MA|01605|mmanish045@gmail.com|7745781515|manish||mishra|111 pasadena pkwy|worcester|MA|01605|mmanish045@gmail.com|7745781515||N||
20220421|D3331020|20220407|5881|N|Rogue Sport|JN1BJ1CW5NW680576|marylou||houle|8 duncannon ave #7|worcester|MA|01604|MLEHOULE@AOL.COM|5084503117|marylou||houle|8 duncannon ave #7|worcester|MA|01604|MLEHOULE@AOL.COM|5084503117||N||
20220421|D3331022|20220415|5779|N|KICKS|3N1CP5CV7NL505415|ISABELLA||LARA|4120 DISKELL BLVD|FORT WORTH|TX|76107|ISABELLA.LARAAA@GMAIL.COM|8178998891|ISABELLA||LARA|4120 DISKELL BLVD|FORT WORTH|TX|76107|ISABELLA.LARAAA@GMAIL.COM|8178998891||N||
20220421|D3331025|20220413|5686|N|Rogue|5N1BT3BA2NC697776|ODESSA||SNYDER|106 SOUTH PINE|INMAN|KS|67546|odessaj78@gmail.com|6207479656|ODESSA||SNYDER|106 SOUTH PINE|INMAN|KS|67546|odessaj78@gmail.com|6207479656||N||
20220421|D3331036|20220419|3206|N|KICKS|3N1CP5CV0NL491423|JOHN||HATFIELD|225 STONEBURY CT|LEXINGTON|SC|29073|FREDAHATFIELD@LIVE.COM|8039608651|JOHN||HATFIELD|225 STONEBURY CT|LEXINGTON|SC|29073|FREDAHATFIELD@LIVE.COM|8039608651||N||
20220421|E3331041|20220419|22003|N|Altima|1N4BL4DV9NN346559|KEVIN||BOLDEN JR|2811 WELLESLEY RD|COLUMBUS|OH|43209|KLBOLDEN@NISSANOFCOLUMBUS.COM|6147357543|BROOKLYN|S|BOLDEN|2811 WELLESLEY RD|COLUMBUS|OH|43209|BROOKLYNBRIGGS17@GMAIL.COM|6147357543||||
20220421|E3331066|20220419|22047|N|Altima|1N4BL4DV8NN354345|joshua||mulcahy|4849 castlestone dr|dublin|OH|43016|jmulcahy@buckeyecars.com|6146346286|megan||leonard|4849 castlestone dr|dublin|OH|43016|meganleonard@yahoo.com|6146346286||||
20220421|D3331089|20220404|5652|N|Rogue|5N1BT3CA1NC693507|ROSA||VARELA SALGADO|2010 GREENHILL DR|ROUND ROCK|TX|78664|VARELAROSA@LIVE.COM|5125418229|ROSA||VARELA SALGADO|2010 GREENHILL DR|ROUND ROCK|TX|78664|VARELAROSA@LIVE.COM|5125418229||N||
20220421|D3331090|20220416|3334|N|Altima|1N4BL4BV2NN347586|CALEB||CONTRERAS|7815 APENNINES DR|FORT RILEY|KS|66442|calebcontruras505@gmail.com|6023200348|CALEB||CONTRERAS|7815 APENNINES DR|FORT RILEY|KS|66442|calebcontruras505@gmail.com|6023200348||N||
