request_dt|form_id|form_type|emp_first_name|emp_middle_initial|emp_last_name|emp_address|emp_city|emp_state|emp_zip|emp_email|emp_phone|pur_first_name|pur_middle_initial|pur_last_name|pur_address|pur_city|pur_state|pur_zip|pur_email|pur_phone|preferred_dealer_code|preferred_make|preferred_model|preferred_model_year
20220420|D3331096|D|Kelsey||Overbay|202 BUTTERNUT DR|MC DONALD|PA|15057|kroverbay@gmail.com|3019685968|Kelsey||Overbay|202 BUTTERNUT DR|MC DONALD|PA|15057|kroverbay@gmail.com|3019685968||N||
20220420|E3331097|E|Angela||Lang|1300 Lowery Rd NE|Arab|AL|35016|alang5326@att.net|2567381558|Angela||Lang|1300 Lowery Rd NE|Arab|AL|35016|alang5326@att.net|2567381558|5353|N|Rogue|2022
20220420|C3331098|C|Curt||Schossler|420 Pine Ridge Dr|Madison|MS|39110|Curt.Schossler@Nissan-Usa.com|6013171464|Rodney|J|Cambron|13049 W. Haley Road|Manhattan|IL|60442|rodneycambron@gmail.com|8152637736||||
20220420|D3331100|D|Eugene||Makovitch|5990 Lost Creek Dr|Sumter|SC|29154|none@none.com|8034948578|Eugene||Makovitch|5990 Lost Creek Dr|Sumter|SC|29154|none@none.com|8034948578||N||
20220420|D3331105|D|VIVIAN||AINOMUGISHA|240 CANAL ST UNIT 617|LAWRENCE|MA|01841|VIVIANLOUIZA@GMAIL.COM|7742517964|VIVIAN||AINOMUGISHA|240 CANAL ST UNIT 617|LAWRENCE|MA|01841|VIVIANLOUIZA@GMAIL.COM|7742517964||N||
20220420|E3331106|E|SAMANTHA||THOMAS|4117 S DEES DR|OKLAHOMA CITY|OK|73150|SAMANTHAT9994@ICLOUD.COM|5802784190|SAMANTHA||THOMAS|4117 S DEES DR|OKLAHOMA CITY|OK|73150|SAMANTHAT9994@ICLOUD.COM|5802784190||||
20220420|D3331108|D|Corey||Bond|5604 Rapahannock Rd|VIRGINIA BEACH|VA|23462|vabchredneck@gmail.com|7574060216|Corey||Bond|5604 Rapahannock Rd|VIRGINIA BEACH|VA|23462|vabchredneck@gmail.com|7574060216||N||
20220420|A3331111|A|Deborah||Foutch|207 Arrowhead Drive|McMinnville|TN|37110|debbiefoutch@hotmail.com|6155197657|Billy||Foutch|1867 BYBEE BRANCH RD|MC MINNVILLE|TN|37110|debbiefouch@hotmail.com|9312735278||||
20220420|D3331113|D|NICHOLAS||CRESCIONE|437 VILLA AVE|FAIRFIELD|CT|06825|NCRESCIONE@ICLOUD.COM|2034500670|NICHOLAS||CRESCIONE|437 VILLA AVE|FAIRFIELD|CT|06825|NCRESCIONE@ICLOUD.COM|2034500670||N||
20220420|D3331116|D|OLIVIA||VOELKEL|6488 LAKE MEADOW DRIVE|BURKE FAIRAX|VA|22015|SDOAMMSS@GMAIL.COM|5719267613|OLIVIA||VOELKEL|6488 LAKE MEADOW DRIVE|BURKE FAIRAX|VA|22015|SDOAMMSS@GMAIL.COM|5719267613||N||
20220420|D3331118|D|LEE||MORAN|240 MAPLEHURST DR|SMYRNA|DE|19977|dquinn@hertrichs.com|3026592086|LEE||MORAN|240 MAPLEHURST DR|SMYRNA|DE|19977|dquinn@hertrichs.com|3026592086||N||
20220420|A3331119|A|Michael||Freshley|2014 Cedar Lane|Nashville|TN|37212|Michael.Freshley@nissan-usa.com|6143062914|Michael||Freshley|2014 Cedar Lane|Nashville|TN|37212|Michael.Freshley@nissan-usa.com|6143062914||||
20220420|A3331121|A|James||Morgan|539 West Main Street|Smithville|TN|37166|bobby.rolltide72@gmail.com|6153189896|Chelsea|R|Morgan|780 Bryn Mawr Blvd|Mary Ester|FL|32569|chelseamorgan02@yahoo.com|8507972074||||
20220420|D3331123|D|Lauren||Lee|264 Beachview dr|Fort Walton Beach|FL|32547|LLSQUARED94@GMAIL.COM|3076313581|Lauren||Lee|264 Beachview dr|Fort Walton Beach|FL|32547|LLSQUARED94@GMAIL.COM|3076313581||N||
20220420|E3331129|E|YUBRAHAM||ASTORGA|3205 W 16TH AVE APT C-60|HIALEAH FL|FL|33012|MAX6924@YAHOO.COM|3055709594|JOCELIN||SOLER|3205 W 16TH AVE APT C-60|HIALEAH|FL|33012|JSOLER26@GMAIL.COM|3058345321|5378|N||
20220420|D3331132|D|ZACH||ROSEN|10887 OLD BRIDGEPORT LN|BOCA RATON|FL|33498|ZRosen1998@Yahoo.com|5616544705|ZACH||ROSEN|10887 OLD BRIDGEPORT LN|BOCA RATON|FL|33498|ZRosen1998@Yahoo.com|5616544705||N||
20220420|E3331134|E|Irma||Amaya|24918 Falcongrove ln|Katy|TX|77494|irmachinchilla2010@gmail.com|7139278367|Omar||Chinchilla|24918 Falcongrove Ln|Katy|TX|77494|omarchinchilla@lithia.com|2816770182||||
20220420|E3331135|E|ERIC||SCHWEITZER|4416 MORGAN LANE|FORT LAUDERDALE|FL|33328|ESCHWEITZER@CSAMAUTO.COM|9543368258|ERIC||SCHWEITZER|4416 MORGAN LANE|FORT LAUDERDALE|FL|33328|ESCHWEITZER@CSAMAUTO.COM|9543368258||||
20220420|E3331136|E|BRIAN||PAUL|23019 85th Ave Ct e|Graham|WA|98338|BPSELLSCARS1@GMAIL.COM|2532556710|BRIAN||PAUL|23019 85th Ave Ct e|Graham|WA|98338|BPSELLSCARS1@GMAIL.COM|2532556710||||
20220420|E3331137|E|AHMAD||HUSSEIN|1105 Four Seasons Ln|Bolingbrook|IL|60440|noemail@noemail.com|7736687172|AHMAD||HUSSEIN|1105 Four Seasons Ln|Bolingbrook|IL|60440|noemail@noemail.com|7736687172||||
20220420|D3331138|D|QUYNH||PHAM|2462 SULLIVAN|IRVINE|CA|92614|QUYNHP03@GMAIL.COM|7036277978|QUYNH||PHAM|2462 SULLIVAN|IRVINE|CA|92614|QUYNHP03@GMAIL.COM|7036277978||N||
20220420|D3331140|D|Yesenia||Robles|233 Plymouth Ave #1|Rochester|NY|14608|yesenia.robles@icloud.com|5105993217|Yesenia||Robles|233 Plymouth Ave #1|Rochester|NY|14608|yesenia.robles@icloud.com|5105993217||N||
20220420|E3331141|E|Kevin||Mantz|3970 Little Creek Ct|Roseville|CA|95661|kmantz@futureautomotivegroup.com|9168062689|Alton||Mantz|3970 Little Creek Ct|Roseville|CA|95661|kmantz@futureautomotivegroup.com|9168062689||||
20220420|D3331145|D|MELDRICK||WOODS|19906 ROCKY TRACE LN|CYPRESS|TX|77433|METAICHI_WOOTSU1@YAHOO.COM|3143680378|MELDRICK||WOODS|19906 ROCKY TRACE LN|CYPRESS|TX|77433|METAICHI_WOOTSU1@YAHOO.COM|3143680378||N||
20220420|E3331148|E|Jeannie||Whited|297 Prospect St|Baden|PA|15005|jmoss233@aol.com|7248692283|Jeannie||Whited|2025 Callaway Park Place|Thompsons Station|TN|37179|jeannie.whited@nissan-usa.com|3233762297|5771|N||
20220420|D3331149|D|LYNDON||ALEXANDER|1821 FLINT HILL RD|CAMDEN|SC|29020|ENUF4ULYNN@AOL.COM|8034256686|LYNDON||ALEXANDER|1821 FLINT HILL RD|CAMDEN|SC|29020|ENUF4ULYNN@AOL.COM|8034256686||N||
20220420|D3331150|D|DYLAN A||AVENDANO|3835 W 8TH WAY|HIALEAH|FL|33012|dylanavendano1225@gmail.com|3054952589|DYLAN A||AVENDANO|3835 W 8TH WAY|HIALEAH|FL|33012|dylanavendano1225@gmail.com|3054952589||N||
20220420|D3331151|D|BRIAN||SHEERAN|10495 HAORTON DR|COLORADO SPRINGS|CO|80925|BRIANJSHEERAN9@GMAIL.COM|2245773455|BRIAN||SHEERAN|10495 HAORTON DR|COLORADO SPRINGS|CO|80925|BRIANJSHEERAN9@GMAIL.COM|2245773455||N||
20220420|D3331153|D|ALEXANDRA||BAERTSCHI|3 WHEATON CTR|WHEATON|IL|60187|ABAERTSCHI3@GMAIL.COM|6304701192|ALEXANDRA||BAERTSCHI|3 WHEATON CTR|WHEATON|IL|60187|ABAERTSCHI3@GMAIL.COM|6304701192||N||
20220420|D3331159|D|JUSTIN||REYNOLDS|3504 HARWOOD ST|KETTERING|OH|45429|REYNOLDS.JUSTIN30@GMAIL.COM|9374792471|JUSTIN||REYNOLDS|3504 HARWOOD ST|KETTERING|OH|45429|REYNOLDS.JUSTIN30@GMAIL.COM|9374792471||N||
20220420|A3331162|A|Scott||Lysaught|3044 Gloucester St|Lancaster|PA|17601|Scott.Lysaught@infiniti.com|3312136820|ADAMA||EVANS|916 FAIRFAX RD|DREXEL HILL|PA|19026|ACLARKSCOTT@AOL.COM|2679341829||||
20220420|D3331165|D|ROMERO OR EVELYN||WASHINGTON|9720 HIGHGATE RD|COLUMBIA|SC|29223|ESSIEWASHINGTON19440@GMAIL.COM|8032381716|ROMERO OR EVELYN||WASHINGTON|9720 HIGHGATE RD|COLUMBIA|SC|29223|ESSIEWASHINGTON19440@GMAIL.COM|8032381716||N||
20220420|E3331166|E|ANDREW||HANUSHEVSKY|64 BUCK HILL RD|ROCHESTER|NY|14626|AHANUSHEVSKY@VISIONAUTOMOTIVEGROUP.COM|5858206273|ANDREW||HANUSHEVSKY|64 BUCK HILL RD|ROCHESTER|NY|14626|AHANUSHEVSKY@VISIONAUTOMOTIVEGROUP.COM|5858206273||||
20220420|E3331170|E|ariadna||perez|495 nw 72 ave apt 309|miami|FL|33126|ARILOVINGIRL@YAHOO.COM|3057676747|ariadna||perez|495 nw 72 ave apt 309|miami|FL|33126|ARILOVINGIRL@YAHOO.COM|3057676747||||
20220420|D3331173|D|Johnathan||Cotto|821 Petrel Street|Goose Creek|SC|29445|salesmanagers@hudsonauto.com|8435531000|Johnathan||Cotto|821 Petrel Street|Goose Creek|SC|29445|salesmanagers@hudsonauto.com|8435531000||N||
20220420|D3331175|D|JEROME||STUART|1915 E PALOMAR ST #11|CHULA VISTA|CA|91913|JEROMEVSTUART@LIVE.COM|4084650851|JEROME||STUART|1915 E PALOMAR ST #11|CHULA VISTA|CA|91913|JEROMEVSTUART@LIVE.COM|4084650851||N||
20220420|D3331177|D|Alexis||Harmon|P.O. Box 908|Normal|AL|35762|aharmon204@gmail.com|2563725000|Alexis||Harmon|P.O. Box 908|Normal|AL|35762|aharmon204@gmail.com|2563725000||N||
20220420|E3331178|E|JESSIE||HINNANT|108 FRAIZER DR|CHESTER|SC|29706|JESSIEHINNANT@DICKSMITH.COM|8038147642|JESSIE||HINNANT|108 FRAIZER DR|CHESTER|SC|29706|JESSIEHINNANT@DICKSMITH.COM|8038147642||||
20220420|A3331181|A|Emad||Khalil|1535 Oak Dr|Murfreesboro|TN|37128|ekhalil2013@yahoo.com|6153979649|Emad||Khalil|1535 Oak Dr|Murfreesboro|TN|37128|ekhalil2013@yahoo.com|6153979649||||
20220420|D3331182|D|OSCAR||VALDEZ JR|60101 DISCVERY AVE UNIT B|JBLM|WA|98433|OJVALDEZJR@YAHOO.COM|2535922847|OSCAR||VALDEZ JR|60101 DISCVERY AVE UNIT B|JBLM|WA|98433|OJVALDEZJR@YAHOO.COM|2535922847||N||
20220420|E3331183|E|RUSVEL||OCHOA|3660 SW 148 PL|MIAMI|FL|33185|SILRUS@BELLSOUTH.NET|7865472375|SILVIA||SANCHEZ|3660 SW 148 PL|MIAMI|FL|33185|SILRUS@BELLSOUTH.NET|7865472374||||
20220421|A3331189|A|Floyd||Lyons|330 savanna st|Jackson|MS|39212|Floydlyons09@gmail.com|6012783640|Floyd||Lyons|330 savanna st|Jackson|MS|39212|Floydlyons09@gmail.com|6012783640|5836|N|Titan|2022
20220420|C3331099|C|Jerry||Luttrell|3585 Clark Rd|Lewisburg|TN|37091|Jerry.Luttrell@Nissan-Usa.com|9316076519|Ernest||Henson|5605 Craftwood Ct.|Antioch|TN|37013|aceol2@comcast.net|6155790383||||
20220420|E3331101|E|Torrey||Johnson|503 Cornucopia Ln|Inman|SC|29349|tjohnson@bensonspartanburg.com|8642662461|Torrey||Johnson|503 Cornucopia Ln|Inman|SC|29349|tjohnson@bensonspartanburg.com|8642662461|2949|N||
20220420|D3331102|D|James||Parrish|2933 Lakeview Dr|Sumter|SC|29154|chrisparrish1976@gmail.com|9107333949|James||Parrish|2933 Lakeview Dr|Sumter|SC|29154|chrisparrish1976@gmail.com|9107333949||N||
20220420|C3331103|C|Steve||Sullivan|744 Williamsburg Dr|Smyrna|TN|37167|steve.sullivan@nissan-usa.com|6155859603|Sherry||Henn|202 Treetop Ct|Smyrna|TN|37167|shenn@tnonc.com|6154839449||||
20220420|D3331104|D|JORDAN||GOLDIE|321 422ND AVE|CROCKER|SD|57217|JGOLDIE30@GMAIL.COM|6058802278|JORDAN||GOLDIE|321 422ND AVE|CROCKER|SD|57217|JGOLDIE30@GMAIL.COM|6058802278||N||
20220420|D3331107|D|FREDDIE||MILLS|1711 SESSIONS ST|SOPERTON|GA|30457|BUGG1911.FM@GMAIL.COM|4784944612|FREDDIE||MILLS|1711 SESSIONS ST|SOPERTON|GA|30457|BUGG1911.FM@GMAIL.COM|4784944612||N||
20220420|E3331109|E|SHANNON||BLACK|40557 HWY 59B|MACOMB|OK|74852|SDBLACK41@GMAIL.COM|4054035990|SHANNON||BLACK|40557 HWY 59B|MACOMB|OK|74852|SDBLACK41@GMAIL.COM|4054035990||||
20220420|D3331110|D|JAY||ROSENBAUM|18 NOME DR|WOODBURY|NY|11797|JAZENY@AOL.COM|5166166111|JAY||ROSENBAUM|18 NOME DR|WOODBURY|NY|11797|JAZENY@AOL.COM|5166166111||N||
20220420|A3331112|A|ralph||williams|166 Harvey Crossing Rd|Canton|MS|39046|bigwillnissan@yahoo.com|6019408397|henry||dawson jr|11800 spring shadow st apt 810|san antonio|TX|78249|henry.issacdawson47856@hotmail.com|2109022818||||
20220420|E3331114|E|Marvin||Reed|512 E spruce st|Chatham|IL|62629|marvin.reed@greenstores.net|8156418849|Danielle||Rock|512 E Spruce St|Chatham|IL|62629|danielle_k_rock13@yahoo.com|8158427452||||
20220420|E3331115|E|LAZARO||DIAZ|7404 sw 122nd pl|MIAMI|FL|33187|ldiaz@nissankendall.com|3052166695|LAZARO||DIAZ|7404 sw 122nd pl|MIAMI|FL|33187|ldiaz@nissankendall.com|3052166695|5815|N|Maxima|2022
20220420|E3331117|E|Cameron||McCulloch|521 s 500 e B203|american fork|UT|84003|cmcculloch56@gmail.com|8019061470|Cameron||McCulloch|521 s 500 e B203|american fork|UT|84003|cmcculloch56@gmail.com|8019061470||||
20220420|D3331122|D|ANNA||MARTINEZ|10427 OLD SEAGOVILLE RD|DALLAS|TX|75217|amartinez@yahoo.com|4693159974|ANNA||MARTINEZ|10427 OLD SEAGOVILLE RD|DALLAS|TX|75217|amartinez@yahoo.com|4693159974||N||
20220420|D3331125|D|SOPHIA||BECKER|1907 EAST TH ST|BROOKLYN|NY|11223|SOPHIAB4@HOTMAIL.COM|9178158384|SOPHIA||BECKER|1907 EAST TH ST|BROOKLYN|NY|11223|SOPHIAB4@HOTMAIL.COM|9178158384||N||
20220420|D3331126|D|JESSICA||ORGE|709 SPRINGHILL DRIVE|GRAY|GA|31032|JHJONES13@GMAIL.COM|9122465472|JESSICA||ORGE|709 SPRINGHILL DRIVE|GRAY|GA|31032|JHJONES13@GMAIL.COM|9122465472||N||
20220420|E3331127|E|violeta a||lopez-bumgartner|15061 SW 152 TERRACE|MIAMI|FL|33187|violetforest5@protonmail.com|3058345939|violeta a||lopez-bumgartner|15061 SW 152 TERRACE|MIAMI|FL|33187|violetforest5@protonmail.com|3058345939|5815|N|LEAF|2022
20220420|D3331130|D|SHIHAO||SUN|1524 LINCOLN WAY #409MC|MCLEAN|VA|22102|SHIHAO.M.SUN@GMAIL.COM|2407587212|SHIHAO||SUN|1524 LINCOLN WAY #409MC|MCLEAN|VA|22102|SHIHAO.M.SUN@GMAIL.COM|2407587212||N||
20220420|E3331131|E|RACHEL||HARPER|13713 HEATHER HILLS DR|BURNSVILLE|MN|55337|RHARPER@WALSER.COM|9528987374|RACHEL||HARPER|13713 HEATHER HILLS DR|BURNSVILLE|MN|55337|RHARPER@WALSER.COM|9528987374||||
20220420|D3331133|D|LAUREN||FIESSINGER|224 COUNTRYSIDE DR|TROY|OH|45373|KRISTENFIESSINGER@YAHOO.COM|9377033191|LAUREN||FIESSINGER|224 COUNTRYSIDE DR|TROY|OH|45373|KRISTENFIESSINGER@YAHOO.COM|9377033191||N||
20220420|E3331139|E|BRYANT||ALCOCER|110 DEMKO LN APT 20|ASHEVILLE|NC|28806|BALCOCER@ANDERSON-AUTO.NET|8287728755|BRYANT||ALCOCER|110 DEMKO LN APT 20|ASHEVILLE|NC|28806|BALCOCER@ANDERSON-AUTO.NET|8287728755||||
20220420|D3331142|D|CHRISTOPHER||ESCOBAR|4930 PENNSWOOD DR|DAYTON|OH|45424|CJOSHUAE@GMAIL.COM|8317474436|CHRISTOPHER||ESCOBAR|4930 PENNSWOOD DR|DAYTON|OH|45424|CJOSHUAE@GMAIL.COM|8317474436||N||
20220420|D3331143|D|JEFFERY||LEEGE|11018 S 174TH ST|OMAHA|NE|68136|lizforce@hotmail.com|4026614530|JEFFERY||LEEGE|11018 S 174TH ST|OMAHA|NE|68136|lizforce@hotmail.com|4026614530||N||
20220420|E3331144|E|VICTORIA||BOUDREAUX|119 W Tyler lane|LEESVILLE|LA|71446|victoria.boudreaux@nissanofmidland.com|3377182902|VICTORIA||BOUDREAUX|119 W Tyler lane|LEESVILLE|LA|71446|victoria.boudreaux@nissanofmidland.com|3377182902|5086|N|Rogue|2022
20220420|E3331146|E|Doretta||Moss|297 Prospect St|Baden|PA|15005|jmoss233@aol.com|7248692283|Jeannie||Whited|2025Callaway Park Place|Thompsons station|TN|37179|jeannie.whited@nissan-usa.com|3233762297||||
20220420|D3331147|D|MEGAN||ALTEMOSE|3300 BIRCH HILL DR|TANNERSVILLE|PA|18372|ALTEMOSEMEGAN@GMAIL.COM|5709945839|MEGAN||ALTEMOSE|3300 BIRCH HILL DR|TANNERSVILLE|PA|18372|ALTEMOSEMEGAN@GMAIL.COM|5709945839||N||
20220420|E3331154|E|CAMERON||WATERS|1990 NEW SCOTLAND AVE #103|SLINGERLANDS|NY|12159|cwaters212@yahoo.com|3152361015|CAMERON||WATERS|1990 NEW SCOTLAND AVE #103|SLINGERLANDS|NY|12159|cwaters212@yahoo.com|3152361015|5372|N|Altima|2022
20220420|A3331155|A|Jeff||Guess|Honey Lane|Estill Springs|TN|37330|Jeff.Guess@Nissan-USA.com|9318086064|Jeff||Guess|Honey Lane|Estill Springs|TN|37330|Jeff.Guess@Nissan-USA.com|9318086064||||
20220420|D3331156|D|ASHLYN||HALES|6406 MARTINIQUE RD|BALTIMORE|MD|21237|tiffany.oxendine526@gmail.com|4108007173|ASHLYN||HALES|6406 MARTINIQUE RD|BALTIMORE|MD|21237|tiffany.oxendine526@gmail.com|4108007173||N||
20220420|D3331157|D|Kilee||Snyder|671 Grange Hill Rd|Fishertown|PA|15539|kileejsnyder@gmail.com|8144946405|Kilee||Snyder|671 Grange Hill Rd|Fishertown|PA|15539|kileejsnyder@gmail.com|8144946405||N||
20220420|D3331158|D|KEIGHLEY||KENDIG|909  MORINING|MCGREGOR|TX|76657|LORENKENDIG@GMAIL.COM|2548488224|KEIGHLEY||KENDIG|909  MORINING|MCGREGOR|TX|76657|LORENKENDIG@GMAIL.COM|2548488224||N||
20220420|D3331160|D|BRIAN||STEELE|36 BAYLEE CIR|LAWTON|OK|73501|TABITHA-STEELE@HOTMAIL.COM|5206605818|BRIAN||STEELE|36 BAYLEE CIR|LAWTON|OK|73501|TABITHA-STEELE@HOTMAIL.COM|5206605818||N||
20220420|E3331161|E|DAVID||ESPARZA|1020 N 12TH ST|COLTON|CA|92324|DMICHELESP@YAHOO.COM|9096001211|DAVID||ESPARZA|1020 N 12TH ST|COLTON|CA|92324|DMICHELESP@YAHOO.COM|9096001211||||
20220420|D3331163|D|LAUREN||BIEHL|2104 ALUM VILLAGE DR|LEWIS CENTER|OH|43035|laurbiehl21@gmail.com|6143554176|LAUREN||BIEHL|2104 ALUM VILLAGE DR|LEWIS CENTER|OH|43035|laurbiehl21@gmail.com|6143554176||N||
20220420|D3331167|D|Edward||O'brian|10805 GULFSTREAM CT|DAMASCUS|MD|20872|EDOBRIAN@GMAIL.COM|3012750735|Edward||O'brian|10805 GULFSTREAM CT|DAMASCUS|MD|20872|EDOBRIAN@GMAIL.COM|3012750735||N||
20220420|E3331168|E|VICTORIA||BOUDREAUX|119 w tyler ln|leesville|LA|71446|victoria.boudreaux@nissanofmidland.com|3377182902|VICTORIA||BOUDREAUX|119 w tyler ln|leesville|LA|71446|victoria.boudreaux@nissanofmidland.com|3377182902|5086|N||
20220420|D3331169|D|Johnathan||Cotto|821 Petrel Street|Goose Creek|SC|29445|salesmanagers@hudsonauto.com|8435531000|Johnathan||Cotto|821 Petrel Street|Goose Creek|SC|29445|salesmanagers@hudsonauto.com|8435531000||N||
20220420|D3331172|D|BRIANNA||SERAFIN|22 PINE PL|newark|DE|19711|bmserafin97@gmail.com|3025308646|BRIANNA||SERAFIN|22 PINE PL|newark|DE|19711|bmserafin97@gmail.com|3025308646||N||
20220420|A3331174|A|Candace||Ward|1714 Bear Creek Road|Culleoka|TN|38451|Candace.Ward@nissan-usa.com|9314467185|Michael|B|Ward|1714 Bear Creek Road|Culleoka|TN|38451|brandon4282@hotmail.com|9314467178||||
20220420|D3331176|D|GRACE||CONANT|431 NORTH RD|ASHFORD|CT|06278|GRACEHUNTERCONANT@GMAIL.COM|8606343011|GRACE||CONANT|431 NORTH RD|ASHFORD|CT|06278|GRACEHUNTERCONANT@GMAIL.COM|8606343011||N||
20220420|A3331179|A|Charles||Maxwell|108 Millwood Ct|Murfreesboro|TN|37127|fred.maxwell@comcast.net|6158980335|Charles||Maxwell|108 Millwood Ct|Murfreesboro|TN|37127|fred.maxwell@comcast.net|6158980335||||
20220420|C3331180|C|Jeremy||Lester|5082 Atkins|Clyde|MI|48049|Jeremy.Lester2@nissan-usa.com|5866516672|Delleen|L|Zyjewski|24693 Meadow Lane|Clinton Twp|MI|48045|Delleen09@gmail.com|8104349705||||
20220420|E3331184|E|JOSEPH||Grossma|211 Lancaster ave|Hatboro|PA|19040|jgrossman@oneilnissan.com|2156749300|JOSEPH||Grossma|211 Lancaster ave|Hatboro|PA|19040|jgrossman@oneilnissan.com|2156749300||||
20220420|E3331186|E|bryan||mendez|6858 kester ave #206|van nuys|CA|91405|bmendez@glendalenissanla.com|8183781950|isabel||parada|6858 kester ave #206|van nuys|CA|91405|balexm025@gmail.com|7472647503||||
