GKS1AEC5FR8134061INB305607915UJS0  M202012296223 20190828920190920201909281 DR.Ray            beaumanr  Beauman             2021041049 Rigney Place                         8874 Golden Leaf    Boston              NV990837797129241   8115560992   abeckworthq@ucsd.edu                                                            IIIGriff          Sr.       Andres              201908268308 Dorton Way               57 Prairie Rose Street        Baltimore           VT139783663622148                abeckworthq@gravatar.com                                                        entidel                          8-085-5866                                                                                          
VWGD7AJXEW2713642INB30180857 NJW0  M202001191087020191202320200508202001122 Mr.Bard           dawidow   Dawidowitz          2019092951 Petterle Hill                        07 Claremont        Coldwater           NV893934906542100   6634747962   rbeaumanr@theatlantic.com                                                       IV.Ulrick         Sr.       Rabi                202009182810 Westend Circle           7 Northwestern Alley          Boston              MO312617126328910   5538106835   rbeaumanr@blinklist.com                                                         vaveo                            4-458-0905                                                                                          
                 NIA209787610NJW1  M202007144771420200915120210318202008163 II.Bent           winter    Winterbottom        20210504051 Mandrake Junction                   76 Mitchell Place   Gaylord             NC821661322120600   1947471137   adawidowitzs@deliciousdays.com                                                  DR.Finley         III       Averil              2021032441 Heath Road                 2065 Butternut Plaza          Coldwater           IA209  6916730911   3451767038   adawidowitzs@dot.gov                                                            hotolist                         4-950-1947                                                                                          
BANW1C5XAC8780814INS21133775 NJW2  O202002034964020210427820200509202008084 Jr.Tansy                    Stevani             2021032277024 Haas Circle                       675 Corry Street    Duluth              CT4870 2856728945   5027140605   hwinterbottomt@51.la                                                            MISGradey         Mrs       Harcourt            202003037 Anhalt Parkway              66 Toban Trail                Gaylord             NC423515051200864   1812478935   hwinterbottomt@sun.com                                                          houghtmix                        1-519-1215                                                                                          
H4CU2F80DC5995301NIA206621215U     S202105219594520191220120200903202007256 DR.Luci           carnegiew Carnegie            201810094 Gateway Parkway                       6 Swallow Hill      St. Louis           TN829169695149938   2732233088   msynnotv@umn.edu                                                                Mr.Caldwell       Sr.       Mylo                2020102095645 Lyons Avenue            18516 Cordelia Hill           Biloxi              PA4639 5132053973   1227590403   msynnotv@cdbaby.com                                                             naptags                          1-253-0039                                                                                          
C3CDYAG4DH6406342INB309370115NJWO  O202104074219120200814920190915202104277 MrsRandolph       cowdroyx  Cowdroy             20200621837 Londonderry Crossing                1890 Macpherson     Laurel              IL789863684890715   6433677693   ocarnegiew@biblegateway.com                                                     Mr.Reggy          IV.       Ogden               2019120407034 Ridgeview Park          7 Dakota Crossing             St. Louis           WA380243205173575   1068733574   ocarnegiew@constantcontact.com                                                                                   6-527-3636                                                                                          
H4CL95868C2608073ING218515719NJS4  L202008105315 20190901520191002201912298 MISVanna          thomazety Thomazet            2018061235159 Dovetail Lane                     Barby Street        Hastings            AK228405451690006                pcowdroyx@live.com                                                              Sr.Normie         III       Patten              202009232628 Pleasure Crossing        0440 Rieder Street            Laurel              CT432  2068208172   4025387860   pcowdroyx@dagondesign.com                                                       imbo                             2-360-1019                                                                                          
BAYF8C56DD6389830  G206415 1 UJW7  L202102081379920190909020200112202102169 Jr.Chrysa         downhamz                      2020012285 Brown Road                           54 Kingsford Place  Reno                KY3836 9503525318   4215252896   pthomazety@yellowpages.com                                                      Jr.Robbie         Mrs       Purcell             202002031266 Almo Alley               63703 Mockingbird Hill        Hastings            UT524781878657963   6997075791   pthomazety@wired.com                                                            kivee                            0-528-8294                                                                                          
C3CDZEG4CN7059730ING20154876 NJS0  J201912126876 20190827220191213202011221 MrsAdorne         melloi10  Melloi              2020070713955 Sycamore Hill                     1st Avenue          Ashland             NV194609097587329   8336332293   ldownhamz@reddit.com                                                            MrsSi             DR.       Lorens              20210628000 Ludington Circle          568 Artisan Alley             Reno                DC356201986217373   6105816374   ldownhamz@flavors.me                                                            hotobug                          1-297-7951                                                                                          
C63DRLL1CG9750891INB30799312 NJW0  J202001043418720200701220210620202002212 IIILauri          hardin11  Hardin              202007228323 Bay Place                          299 Clyde Gallagher Livingston          TX546643465763502   9003714749   amelloi10@zimbio.com                                                            Mr.Sampson        Sr.       Alex                2021080446 Pond Parkway               21 Pleasure Drive             Ashland             OH418441067432692   9034762711   amelloi10@fda.gov                                                               dgeify                           5-474-0213                                                                                          
AUHF78P47A4824982NIS21406299 UJW1  M201912191849620190928020201021202102023 DR.Blaire         klagge12  Klagge              20210530438 Village Green Hill                  458 Charing         WaSanta             IA457255038830505   3162497391   phardin11@webnode.com                                                           II.Mauricio       Sr.       Page                20210623987 Kinsman Plaza             07 Daystar Plaza              Livingston          SC188136495434395   2447223740   phardin11@intel.com                                                             ooxo                             9-995-2624                                                                                          
HNYD2H86DH2831251INB30979704       O202003209223020210405720210623202108074 IV.Fidelity       spowage13 Spowage             202102077089 Marquette Crossing                 6414 Morning Road   New York            CT282279638830412   8736121088   kklagge12@sitemeter.com                                                         Sr.Sansone        Sr.                           2019111712320 Springs Junction        8693 Carpenter Place          Santa Fe            RI869152264834035   4804383258   kklagge12@studiopress.com                                                       winu                             1-573-3378                                                                                          
UXXW5C50F04723050NIS216596312UJS2  N202012159275420200605220210510202004275 IV.Jefferson      mccrea14  McCrea              2019031799 Chinook Terrace                      Merrick Hill        Oxford              ME685443893240228   1383211164                                                                                   MISFabian         II.       Ive                 202011060 Boyd Parkway                76881 Arizona Court           New York            NH147497246664137   2878596980   ispowage13@europa.eu                                                            abbercube                        4-589-1876                                                                                          